{"cameraMode":{"drawMode":0,"name":"Shaded","section":"Shading Mode"},"sceneLighting":false,"audioPlay":false,"sceneViewState":{"m_AlwaysRefresh":false,"showFog":true,"showSkybox":false,"showFlares":true,"showImageEffects":true,"showParticleSystems":true,"showVisualEffectGraphs":true,"m_FxEnabled":true},"in2DMode":false,"pivot":{"x":4.223346710205078,"y":1.135245680809021,"z":-3.8705222606658937},"rotation":{"x":0.07224632799625397,"y":0.34245187044143679,"z":-0.026418544352054597,"w":0.9363992810249329},"size":1.4851547479629517,"orthographic":true}