{"cameraMode":{"drawMode":0,"name":"Shaded","section":"Shading Mode"},"sceneLighting":true,"audioPlay":false,"sceneViewState":{"m_AlwaysRefresh":false,"showFog":true,"showSkybox":true,"showFlares":true,"showImageEffects":true,"showParticleSystems":true,"showVisualEffectGraphs":true,"m_FxEnabled":true},"in2DMode":false,"pivot":{"x":-404.24835205078127,"y":13.269055366516114,"z":15.352563858032227},"rotation":{"x":0.022745592519640924,"y":0.9771377444267273,"z":-0.15708614885807038,"w":0.14148469269275666},"size":15.709798812866211,"orthographic":false}