{"cameraMode":{"drawMode":0,"name":"Shaded","section":"Shading Mode"},"sceneLighting":false,"audioPlay":false,"sceneViewState":{"m_AlwaysRefresh":false,"showFog":true,"showSkybox":false,"showFlares":true,"showImageEffects":true,"showParticleSystems":true,"showVisualEffectGraphs":true,"m_FxEnabled":true},"in2DMode":false,"pivot":{"x":-0.3291707932949066,"y":0.11471989750862122,"z":0.6199066042900086},"rotation":{"x":0.07565759867429733,"y":0.8111554384231567,"z":-0.10769889503717423,"w":0.5698322057723999},"size":1.8606207370758057,"orthographic":true}