{"cameraMode":{"drawMode":0,"name":"Shaded","section":"Shading Mode"},"sceneLighting":false,"audioPlay":false,"sceneViewState":{"m_AlwaysRefresh":false,"showFog":true,"showSkybox":false,"showFlares":true,"showImageEffects":true,"showParticleSystems":true,"showVisualEffectGraphs":true,"m_FxEnabled":true},"in2DMode":false,"pivot":{"x":1.1599559783935547,"y":0.050000496208667758,"z":1.1599559783935547},"rotation":{"x":0.032440681010484698,"y":0.7530003786087036,"z":-0.03722668066620827,"w":0.6561754941940308},"size":10.606719970703125,"orthographic":true}