{"cameraMode":{"drawMode":0,"name":"Shaded","section":"Shading Mode"},"sceneLighting":false,"audioPlay":false,"sceneViewState":{"m_AlwaysRefresh":false,"showFog":true,"showSkybox":false,"showFlares":true,"showImageEffects":true,"showParticleSystems":true,"showVisualEffectGraphs":true,"m_FxEnabled":true},"in2DMode":false,"pivot":{"x":0.89360511302948,"y":0.5269870162010193,"z":-0.4012928009033203},"rotation":{"x":0.010185295715928078,"y":0.7067553997039795,"z":-0.010176407173275948,"w":0.7073177695274353},"size":2.002281427383423,"orthographic":true}